date,open,high,low,close,volume,Name
2/8/2013,27.35,27.71,27.31,27.55,33318306,MSFT
2/11/2013,27.65,27.92,27.5,27.86,32247549,MSFT
2/12/2013,27.88,28,27.75,27.88,35990829,MSFT
2/13/2013,27.93,28.11,27.88,28.03,41715530,MSFT
2/14/2013,27.92,28.06,27.87,28.04,32663174,MSFT
2/15/2013,28.04,28.16,27.875,28.01,49650538,MSFT
2/19/2013,27.8801,28.09,27.8,28.045,38804616,MSFT
2/20/2013,28.13,28.2,27.83,27.87,44109412,MSFT
2/21/2013,27.74,27.74,27.23,27.49,49078338,MSFT
2/22/2013,27.68,27.76,27.48,27.76,31425726,MSFT
2/25/2013,27.97,28.05,27.37,27.37,48011248,MSFT
2/26/2013,27.38,27.6,27.34,27.37,49917353,MSFT
2/27/2013,27.42,28,27.33,27.81,36390889,MSFT
2/28/2013,27.88,27.97,27.74,27.8,35836861,MSFT
3/1/2013,27.72,27.98,27.52,27.95,34849287,MSFT
3/4/2013,27.85,28.15,27.7,28.15,38163549,MSFT
3/5/2013,28.29,28.54,28.16,28.35,41431097,MSFT
3/6/2013,28.21,28.23,27.78,28.09,51448452,MSFT
3/7/2013,28.11,28.28,28.005,28.14,29196691,MSFT
3/8/2013,28.25,28.33,27.96,28,37667133,MSFT
3/11/2013,27.94,27.97,27.67,27.87,36627200,MSFT
3/12/2013,27.84,27.95,27.64,27.91,39252591,MSFT
3/13/2013,27.87,28.02,27.75,27.915,29093296,MSFT
3/14/2013,28,28.16,27.93,28.135,55910657,MSFT
3/15/2013,28.03,28.16,27.98,28.035,92709815,MSFT
3/18/2013,27.88,28.28,27.81,28.1,44825522,MSFT
3/19/2013,28.12,28.22,28.03,28.18,51901568,MSFT
3/20/2013,28.34,28.49,28.18,28.315,35447348,MSFT
3/21/2013,28.11,28.36,28.05,28.11,34233061,MSFT
3/22/2013,28.19,28.3379,28.1,28.25,28689434,MSFT
3/25/2013,28.3,28.35,27.96,28.16,44153931,MSFT
3/26/2013,28.24,28.34,28.11,28.155,27822154,MSFT
3/27/2013,28.14,28.445,28.08,28.37,36046203,MSFT
3/28/2013,28.32,28.66,28.26,28.605,55453713,MSFT
4/1/2013,28.64,28.66,28.36,28.61,29199115,MSFT
4/2/2013,28.59,28.85,28.52,28.8,28455715,MSFT
4/3/2013,28.75,28.95,28.54,28.56,35062269,MSFT
4/4/2013,28.39,28.61,28.27,28.595,45262208,MSFT
4/5/2013,28.22,28.78,28.11,28.7,50927261,MSFT
4/8/2013,28.73,28.73,28.47,28.59,34759424,MSFT
4/9/2013,28.73,29.815,28.68,29.61,77733607,MSFT
4/10/2013,29.57,30.32,29.52,30.28,71024236,MSFT
4/11/2013,29.1,29.2,28.73,28.935,130903838,MSFT
4/12/2013,28.85,29.02,28.66,28.79,62882640,MSFT
4/15/2013,28.65,28.98,28.51,28.69,56332862,MSFT
4/16/2013,28.9,29.14,28.695,28.97,52795256,MSFT
4/17/2013,28.85,29.04,28.6,28.825,52840621,MSFT
4/18/2013,28.95,28.98,28.5,28.79,56772087,MSFT
4/19/2013,29.62,30.24,29.61,29.765,99790116,MSFT
4/22/2013,30.3,31.18,30.27,30.83,137901279,MSFT
4/23/2013,30.7,30.9,30.38,30.6,59027213,MSFT
4/24/2013,30.62,31.92,30.6,31.76,90897055,MSFT
4/25/2013,31.71,32.84,31.54,31.94,110685794,MSFT
4/26/2013,31.9,31.98,31.45,31.79,47799284,MSFT
4/29/2013,31.8,32.68,31.77,32.61,59116288,MSFT
4/30/2013,32.56,33.11,32.28,33.1,75116271,MSFT
5/1/2013,32.93,33.08,32.6,32.72,54328805,MSFT
5/2/2013,32.63,33.17,32.39,33.16,46055944,MSFT
5/3/2013,33.23,33.52,33.08,33.49,46784484,MSFT
5/6/2013,33.42,33.91,33.25,33.75,40978078,MSFT
5/7/2013,33.65,33.79,33.24,33.31,42916453,MSFT
5/8/2013,33.0667,33.24,32.65,32.99,51643216,MSFT
5/9/2013,32.85,33,32.59,32.66,46399199,MSFT
5/10/2013,32.67,32.72,32.32,32.69,36394841,MSFT
5/13/2013,32.61,33.07,32.55,33.03,36027027,MSFT
5/14/2013,32.8601,33.53,32.8,33.53,56867771,MSFT
5/15/2013,33.45,33.9,33.43,33.845,46303779,MSFT
5/16/2013,33.64,34.15,33.55,34.08,59381496,MSFT
5/17/2013,34.1301,34.87,34.1,34.87,60666467,MSFT
5/20/2013,34.73,35.095,34.68,35.08,54020102,MSFT
5/21/2013,35.1,35.2725,34.72,34.85,48693429,MSFT
5/22/2013,34.79,34.84,34.36,34.61,66043135,MSFT
5/23/2013,34.23,34.55,33.9,34.15,51102326,MSFT
5/24/2013,33.92,34.28,33.9,34.269,33174304,MSFT
5/28/2013,34.42,35.18,34.41,35.02,48211220,MSFT
5/29/2013,34.74,35.02,34.57,34.88,38411673,MSFT
5/30/2013,34.85,35.25,34.813,35.03,51130805,MSFT
5/31/2013,34.82,35.28,34.79,34.9,56162496,MSFT
6/3/2013,34.92,35.63,34.83,35.59,51249396,MSFT
6/4/2013,35.62,35.74,34.771,34.99,65529399,MSFT
6/5/2013,34.6,34.89,34.43,34.78,46023857,MSFT
6/6/2013,34.84,35.11,34.49,34.96,37617747,MSFT
6/7/2013,35.25,35.78,35.06,35.67,40757245,MSFT
6/10/2013,35.51,35.65,35.14,35.47,35991809,MSFT
6/11/2013,35.05,35.18,34.68,34.84,39435445,MSFT
6/12/2013,35.14,35.27,34.85,35,37371982,MSFT
6/13/2013,34.99,35.02,34.59,34.715,45635878,MSFT
6/14/2013,34.55,34.6901,34.25,34.4,53191609,MSFT
6/17/2013,34.69,35.16,34.63,35,49670032,MSFT
6/18/2013,34.97,35.17,34.895,34.98,28614869,MSFT
6/19/2013,34.96,35.09,34.59,34.59,30816008,MSFT
6/20/2013,34.26,34.33,33.37,33.49,54493643,MSFT
6/21/2013,33.66,33.73,33.05,33.265,85337340,MSFT
6/24/2013,32.94,34.2,32.57,33.715,56108988,MSFT
6/25/2013,34.08,34.38,33.46,33.67,44051085,MSFT
6/26/2013,34.12,34.48,33.8875,34.35,48665592,MSFT
6/27/2013,34.52,34.78,34.5,34.62,28993042,MSFT
6/28/2013,34.38,34.79,34.34,34.545,65545445,MSFT
7/1/2013,34.75,34.99,34.33,34.36,31054868,MSFT
7/2/2013,34.41,34.4389,33.63,33.94,37629522,MSFT
7/3/2013,33.66,34.37,33.6,34.01,15994380,MSFT
7/5/2013,34.09,34.24,33.581,34.21,26085831,MSFT
7/8/2013,34.35,34.59,33.98,34.325,32396842,MSFT
7/9/2013,34.58,34.6,34.14,34.35,25318501,MSFT
7/10/2013,34.34,34.81,34.32,34.7,29863085,MSFT
7/11/2013,35,35.77,34.9,35.685,53618047,MSFT
7/12/2013,35.58,35.73,35.28,35.67,35501154,MSFT
7/15/2013,35.66,36.22,35.58,36.17,34142125,MSFT
7/16/2013,36.01,36.4299,35.96,36.27,36378481,MSFT
7/17/2013,36.34,36.39,35.49,35.74,37281516,MSFT
7/18/2013,35.72,35.89,35.22,35.44,49118611,MSFT
7/19/2013,32.4,32.67,31.02,31.4,248354245,MSFT
7/22/2013,31.7,32.01,31.6,32.01,79024753,MSFT
7/23/2013,31.91,32.04,31.71,31.82,65810331,MSFT
7/24/2013,32.035,32.19,31.89,31.96,52802180,MSFT
7/25/2013,31.62,31.65,31.25,31.39,63212927,MSFT
7/26/2013,31.26,31.62,31.205,31.62,38633539,MSFT
7/29/2013,31.47,31.6,31.4,31.54,28873969,MSFT
7/30/2013,31.78,32.12,31.55,31.85,45799476,MSFT
7/31/2013,31.97,32.05,31.71,31.84,43898435,MSFT
8/1/2013,32.06,32.09,31.6,31.67,42552467,MSFT
8/2/2013,31.69,31.9,31.565,31.89,29121484,MSFT
8/5/2013,31.9,32,31.64,31.7,30984542,MSFT
8/6/2013,31.55,31.67,31.38,31.58,36331541,MSFT
8/7/2013,31.54,32.1,31.25,32.063,38060978,MSFT
8/8/2013,32.24,33.07,32.05,32.89,59035735,MSFT
8/9/2013,32.77,32.9,32.47,32.7,26801087,MSFT
8/12/2013,32.46,32.97,32.46,32.87,25494043,MSFT
8/13/2013,32.51,32.55,32.21,32.23,39464299,MSFT
8/14/2013,32.14,33.36,31.7,32.35,48520460,MSFT
8/15/2013,32,32.18,30.84,31.79,33337991,MSFT
8/16/2013,31.79,31.99,31.66,31.8,32864665,MSFT
8/19/2013,31.76,31.97,31.38,31.393,27902716,MSFT
8/20/2013,31.44,31.9,31.37,31.62,22979513,MSFT
8/21/2013,31.61,32.01,31.54,31.61,37398935,MSFT
8/22/2013,32.185,32.49,32.1,32.39,31123321,MSFT
8/23/2013,35.17,35.2,34,34.75,225442537,MSFT
8/26/2013,34.4,34.67,34.03,34.15,72553311,MSFT
8/27/2013,33.515,34.1,33.15,33.26,58519145,MSFT
8/28/2013,33.39,33.6,33,33.02,44258420,MSFT
8/29/2013,32.93,33.6,32.8,33.55,45271567,MSFT
8/30/2013,33.37,33.48,33.09,33.4,42774005,MSFT
9/3/2013,31.75,32.07,31.29,31.88,154489546,MSFT
9/4/2013,31.39,31.47,31.11,31.195,142273577,MSFT
9/5/2013,31.1,31.44,30.95,31.235,71623991,MSFT
9/6/2013,31.31,31.39,31.13,31.152,75436430,MSFT
9/9/2013,31.2208,31.79,31.2,31.655,49610584,MSFT
9/10/2013,31.9,32.4,31.79,32.39,56881864,MSFT
9/11/2013,32.57,32.93,32.53,32.74,39069730,MSFT
9/12/2013,32.72,32.78,32.59,32.69,32861951,MSFT
9/13/2013,32.77,33.07,32.505,33.03,40899039,MSFT
9/16/2013,33.38,33.5,32.73,32.801,55010116,MSFT
9/17/2013,33.42,33.47,32.9,32.93,84683924,MSFT
9/18/2013,32.99,33.4,32.83,33.32,64100189,MSFT
9/19/2013,33.48,33.68,33.32,33.64,42015792,MSFT
9/20/2013,33.41,33.48,32.685,32.791,102862119,MSFT
9/23/2013,32.5401,32.969,32.5,32.74,39826261,MSFT
9/24/2013,32.87,32.87,32.15,32.455,40245140,MSFT
9/25/2013,32.49,32.8,32.4,32.505,28830930,MSFT
9/26/2013,32.64,33,32.59,32.77,28483079,MSFT
9/27/2013,32.88,33.75,32.87,33.27,55330514,MSFT
9/30/2013,33,33.31,32.7,33.28,39838108,MSFT
10/1/2013,33.35,33.61,33.3,33.58,36691926,MSFT
10/2/2013,33.36,34.03,33.29,33.92,46931866,MSFT
10/3/2013,33.88,34,33.42,33.86,38704461,MSFT
10/4/2013,33.69,33.99,33.62,33.88,32988495,MSFT
10/7/2013,33.6,33.71,33.2,33.3,35067124,MSFT
10/8/2013,33.31,33.33,32.8,33.01,41095160,MSFT
10/9/2013,33.07,33.3499,32.96,33.07,35843167,MSFT
10/10/2013,33.31,33.89,33.26,33.76,42875141,MSFT
10/11/2013,33.68,34.14,33.68,34.13,30033336,MSFT
10/14/2013,33.9,34.5,33.78,34.45,27757870,MSFT
10/15/2013,34.67,34.99,34.47,34.49,47107657,MSFT
10/16/2013,34.6,34.895,34.56,34.64,35111593,MSFT
10/17/2013,34.45,34.99,34.37,34.92,31359198,MSFT
10/18/2013,34.82,34.99,34.33,34.96,41811699,MSFT
10/21/2013,34.98,35.2,34.91,34.99,27436505,MSFT
10/22/2013,35.02,35.1,34.52,34.58,40438546,MSFT
10/23/2013,34.35,34.49,33.674,33.76,58600499,MSFT
10/24/2013,33.82,34.1,33.57,33.72,53209728,MSFT
10/25/2013,35.88,36.29,35.47,35.73,113493954,MSFT
10/28/2013,35.61,35.73,35.27,35.57,38383594,MSFT
10/29/2013,35.6301,35.72,35.26,35.52,31702613,MSFT
10/30/2013,35.53,35.79,35.43,35.54,37002061,MSFT
10/31/2013,35.66,35.69,35.34,35.405,41689563,MSFT
11/1/2013,35.67,35.69,35.39,35.525,40271887,MSFT
11/4/2013,35.59,35.98,35.55,35.94,28061873,MSFT
11/5/2013,35.7899,36.71,35.77,36.64,51681868,MSFT
11/6/2013,37.24,38.22,37.06,38.18,88948830,MSFT
11/7/2013,37.96,38.01,37.43,37.5,60445258,MSFT
11/8/2013,37.67,37.78,37.34,37.78,36743157,MSFT
11/11/2013,37.69,37.775,37.355,37.59,26872537,MSFT
11/12/2013,37.38,37.595,37.2,37.36,31651589,MSFT
11/13/2013,36.98,38.16,36.9,38.155,44957611,MSFT
11/14/2013,37.87,38.13,37.72,38.021,46186577,MSFT
11/15/2013,37.95,38.02,37.72,37.841,50602034,MSFT
11/18/2013,37.35,37.58,37.07,37.2,53277485,MSFT
11/19/2013,36.85,37.23,36.67,36.74,44274987,MSFT
11/20/2013,36.87,37.41,36.86,37.08,32231827,MSFT
11/21/2013,37.27,37.53,37.26,37.4,23064699,MSFT
11/22/2013,37.525,37.68,37.33,37.57,27981996,MSFT
11/25/2013,37.93,37.95,37.57,37.64,30648148,MSFT
11/26/2013,37.57,37.65,37.35,37.35,34468069,MSFT
11/27/2013,37.57,37.76,37.49,37.6,26002050,MSFT
11/29/2013,37.82,38.29,37.82,38.13,22090428,MSFT
12/2/2013,38.09,38.78,38.06,38.45,42950373,MSFT
12/3/2013,38.14,38.49,38.08,38.31,52109760,MSFT
12/4/2013,38.21,38.98,38.12,38.94,51983578,MSFT
12/5/2013,38.85,38.875,37.18,38,116313834,MSFT
12/6/2013,38.42,38.55,37.99,38.36,36457292,MSFT
12/9/2013,38.56,38.87,38.37,38.705,30286015,MSFT
12/10/2013,38.61,38.9,38.02,38.11,37828593,MSFT
12/11/2013,38.06,38.3,37.39,37.61,39853379,MSFT
12/12/2013,37.64,37.64,37.18,37.22,36012761,MSFT
12/13/2013,37.42,37.45,36.62,36.69,40074360,MSFT
12/16/2013,36.73,37,36.54,36.885,31734515,MSFT
12/17/2013,36.94,37.11,36.3344,36.52,45687679,MSFT
12/18/2013,36.3601,36.6,35.53,36.58,63192067,MSFT
12/19/2013,36.51,36.55,36.08,36.25,34157264,MSFT
12/20/2013,36.2,36.93,36.185,36.8,62650324,MSFT
12/23/2013,36.81,36.89,36.55,36.62,25128740,MSFT
12/24/2013,36.72,37.17,36.64,37.08,14242997,MSFT
12/26/2013,37.2,37.49,37.17,37.44,17614984,MSFT
12/27/2013,37.58,37.62,37.17,37.29,14563533,MSFT
12/30/2013,37.22,37.38,36.9006,37.29,16290475,MSFT
12/31/2013,37.4,37.58,37.217,37.41,17505770,MSFT
1/2/2014,37.35,37.4,37.1,37.16,30643745,MSFT
1/3/2014,37.2,37.22,36.6,36.91,31134795,MSFT
1/6/2014,36.85,36.89,36.11,36.13,43615035,MSFT
1/7/2014,36.325,36.49,36.21,36.41,35924726,MSFT
1/8/2014,36,36.14,35.58,35.76,59979542,MSFT
1/9/2014,35.88,35.91,35.4,35.53,36520448,MSFT
1/10/2014,35.9,36.15,35.75,36.04,40558766,MSFT
1/13/2014,35.99,36.02,34.83,34.98,45923872,MSFT
1/14/2014,34.73,35.88,34.63,35.78,41627325,MSFT
1/15/2014,35.9,36.79,35.85,36.76,44909545,MSFT
1/16/2014,36.69,37,36.31,36.89,38035708,MSFT
1/17/2014,36.83,36.83,36.15,36.38,46298736,MSFT
1/21/2014,36.82,36.82,36.06,36.17,31578979,MSFT
1/22/2014,36.26,36.32,35.75,35.93,21965266,MSFT
1/23/2014,36.09,36.13,35.52,36.055,44515126,MSFT
1/24/2014,37.45,37.55,36.53,36.805,77051806,MSFT
1/27/2014,36.87,36.89,35.98,36.03,44485767,MSFT
1/28/2014,36.12,36.39,35.75,36.27,36225755,MSFT
1/29/2014,35.98,36.88,35.9,36.66,52790351,MSFT
1/30/2014,36.79,36.88,36.23,36.86,35111959,MSFT
1/31/2014,36.95,37.89,36.56,37.84,93190755,MSFT
2/3/2014,37.74,37.985,36.43,36.48,64102391,MSFT
2/4/2014,36.97,37.189,36.25,36.35,55526924,MSFT
2/5/2014,36.29,36.47,35.8,35.82,55841097,MSFT
2/6/2014,35.8,36.25,35.69,36.18,35380994,MSFT
2/7/2014,36.32,36.59,36.01,36.56,33348008,MSFT
2/10/2014,36.63,36.8,36.29,36.8,26782083,MSFT
2/11/2014,36.88,37.26,36.86,37.175,32164989,MSFT
2/12/2014,37.35,37.6,37.3,37.47,27055869,MSFT
2/13/2014,37.33,37.86,37.33,37.61,37647772,MSFT
2/14/2014,37.39,37.78,37.33,37.62,42986738,MSFT
2/18/2014,37.63,37.78,37.41,37.42,32839707,MSFT
2/19/2014,37.22,37.75,37.21,37.51,29794084,MSFT
2/20/2014,37.57,37.87,37.395,37.75,27541038,MSFT
2/21/2014,37.94,38.35,37.86,37.98,38030656,MSFT
2/24/2014,37.69,37.975,37.54,37.69,32143395,MSFT
2/25/2014,37.61,37.85,37.35,37.54,30867657,MSFT
2/26/2014,37.5801,37.74,37.19,37.47,41042629,MSFT
2/27/2014,37.45,37.89,37.23,37.86,33919024,MSFT
2/28/2014,37.98,38.46,37.82,38.31,41217028,MSFT
3/3/2014,37.92,38.13,37.495,37.78,29716052,MSFT
3/4/2014,38.2,38.48,38.07,38.41,26868337,MSFT
3/5/2014,38.25,38.2699,37.93,38.11,20520432,MSFT
3/6/2014,38.14,38.24,37.89,38.15,23605310,MSFT
3/7/2014,38.28,38.36,37.69,37.9,26596635,MSFT
3/10/2014,37.99,38.01,37.72,37.82,19007850,MSFT
3/11/2014,37.87,38.23,37.72,38.02,25218133,MSFT
3/12/2014,37.8,38.43,37.79,38.27,30496295,MSFT
3/13/2014,38.42,38.45,37.6414,37.89,32169650,MSFT
3/14/2014,37.651,38.135,37.5058,37.7,27195638,MSFT
3/17/2014,37.9,38.41,37.79,38.05,20479610,MSFT
3/18/2014,38.26,39.9,38.22,39.55,64063866,MSFT
3/19/2014,39.47,39.55,38.91,39.27,35597241,MSFT
3/20/2014,39.25,40.649,39.24,40.33,59269801,MSFT
3/21/2014,40.72,40.94,40.01,40.16,80731942,MSFT
3/24/2014,40.34,40.64,39.86,40.5,46098374,MSFT
3/25/2014,40.66,40.99,39.9599,40.34,43193147,MSFT
3/26/2014,40.48,40.705,39.6,39.79,41982966,MSFT
3/27/2014,39.74,39.97,39.34,39.36,35369170,MSFT
3/28/2014,39.79,40.635,39.68,40.3,43472747,MSFT
3/31/2014,40.43,41.5,40.4,40.99,46886284,MSFT
4/1/2014,41.15,41.59,41.07,41.42,32610395,MSFT
4/2/2014,41.44,41.66,41.17,41.35,28607267,MSFT
4/3/2014,41.29,41.29,40.71,41.01,30139567,MSFT
4/4/2014,41.25,41.39,39.64,39.87,51409573,MSFT
4/7/2014,39.96,40.27,39.74,39.8,37559615,MSFT
4/8/2014,39.75,39.93,39.2,39.82,35919609,MSFT
4/9/2014,39.93,40.55,39.88,40.47,27398687,MSFT
4/10/2014,40.44,40.69,39.09,39.36,45960848,MSFT
4/11/2014,39,39.79,39,39.209,34333298,MSFT
4/14/2014,39.11,39.41,38.9,39.18,32006651,MSFT
4/15/2014,39.34,39.96,39.05,39.75,33978673,MSFT
4/16/2014,40.06,40.415,39.905,40.4,30616304,MSFT
4/17/2014,40.01,40.195,39.51,40.01,36689399,MSFT
4/21/2014,40.13,40.15,39.79,39.94,22222222,MSFT
4/22/2014,39.96,40.14,39.83,39.99,27057271,MSFT
4/23/2014,39.99,39.99,39.47,39.69,24602781,MSFT
4/24/2014,39.74,39.97,39.3,39.86,42381594,MSFT
4/25/2014,40.29,40.68,39.75,39.91,56883812,MSFT
4/28/2014,40.14,41.29,40.09,40.87,50610208,MSFT
4/29/2014,41.1,41.19,40.39,40.51,29637370,MSFT
4/30/2014,40.4,40.5,40.1699,40.4,35464148,MSFT
5/1/2014,40.2401,40.36,39.95,40,28791455,MSFT
5/2/2014,40.31,40.34,39.66,39.69,43417914,MSFT
5/5/2014,39.52,39.6399,39.3,39.43,22460928,MSFT
5/6/2014,39.29,39.35,38.95,39.06,27112373,MSFT
5/7/2014,39.22,39.51,38.51,39.425,41749497,MSFT
5/8/2014,39.34,39.9,38.97,39.64,32123032,MSFT
5/9/2014,39.54,39.85,39.37,39.54,29647646,MSFT
5/12/2014,39.74,40.02,39.65,39.97,22787185,MSFT
5/13/2014,39.92,40.5,39.85,40.42,27004768,MSFT
5/14/2014,40.3,40.45,40.05,40.24,18818711,MSFT
5/15/2014,40.09,40.4,39.51,39.6,37793243,MSFT
5/16/2014,39.67,39.84,39.27,39.83,29868272,MSFT
5/19/2014,39.61,39.82,39.46,39.75,24537438,MSFT
5/20/2014,39.68,39.94,39.46,39.68,21322341,MSFT
5/21/2014,39.8,40.35,39.7399,40.35,22399392,MSFT
5/22/2014,40.29,40.35,39.85,40.1,20202485,MSFT
5/23/2014,40.37,40.37,40,40.12,18020866,MSFT
5/27/2014,40.26,40.26,39.81,40.19,26161164,MSFT
5/28/2014,40.14,40.19,39.82,40.01,25711565,MSFT
5/29/2014,40.15,40.35,39.91,40.34,19893872,MSFT
5/30/2014,40.45,40.97,40.25,40.94,34575579,MSFT
6/2/2014,40.95,41.09,40.68,40.79,18504300,MSFT
6/3/2014,40.6,40.68,40.25,40.29,18071096,MSFT
6/4/2014,40.21,40.37,39.86,40.32,23210341,MSFT
6/5/2014,40.59,41.25,40.4,41.21,31865213,MSFT
6/6/2014,41.48,41.66,41.24,41.48,24060542,MSFT
6/9/2014,41.39,41.48,41.02,41.27,15019425,MSFT
6/10/2014,41.03,41.16,40.86,41.11,15117689,MSFT
6/11/2014,40.93,41.07,40.765,40.86,18039990,MSFT
6/12/2014,40.81,40.88,40.29,40.58,29823030,MSFT
6/13/2014,41.1,41.565,40.86,41.23,26310697,MSFT
6/16/2014,41.04,41.61,41.04,41.5,24205297,MSFT
6/17/2014,41.29,41.91,40.335,41.68,22518630,MSFT
6/18/2014,41.605,41.74,41.18,41.65,27097228,MSFT
6/19/2014,41.57,41.77,41.3301,41.51,19837767,MSFT
6/20/2014,41.445,41.83,41.38,41.68,47765407,MSFT
6/23/2014,41.73,42,41.69,41.99,18743905,MSFT
6/24/2014,41.83,41.94,41.56,41.745,26518274,MSFT
6/25/2014,41.7,42.05,41.46,42.03,20051576,MSFT
6/26/2014,41.93,41.94,41.43,41.72,23604409,MSFT
6/27/2014,41.61,42.29,41.51,42.25,74641945,MSFT
6/30/2014,42.17,42.21,41.7,41.7,30805472,MSFT
7/1/2014,41.86,42.15,41.69,41.87,26922597,MSFT
7/2/2014,41.73,41.9,41.53,41.9,20208526,MSFT
7/3/2014,41.91,41.99,41.56,41.8,15969310,MSFT
7/7/2014,41.75,42.12,41.71,41.99,21953619,MSFT
7/8/2014,41.87,42,41.61,41.78,31218208,MSFT
7/9/2014,41.98,41.99,41.53,41.67,18445910,MSFT
7/10/2014,41.37,42,41.05,41.685,21856832,MSFT
7/11/2014,41.7,42.09,41.48,42.09,24087374,MSFT
7/14/2014,42.22,42.45,42.04,42.14,21882943,MSFT
7/15/2014,42.33,42.47,42.03,42.45,28758961,MSFT
7/16/2014,42.51,44.31,42.48,44.08,63322372,MSFT
7/17/2014,45.45,45.71,44.25,44.53,82180263,MSFT
7/18/2014,44.65,44.84,44.25,44.69,43407490,MSFT
7/21/2014,44.56,45.16,44.22,44.835,37604378,MSFT
7/22/2014,45,45.15,44.59,44.83,43095820,MSFT
7/23/2014,45.45,45.45,44.62,44.87,52363948,MSFT
7/24/2014,44.93,45,44.32,44.4,30725348,MSFT
7/25/2014,44.3,44.66,44.3,44.5,26737724,MSFT
7/28/2014,44.36,44.51,43.93,43.97,29687677,MSFT
7/29/2014,43.91,44.09,43.64,43.885,27764099,MSFT
7/30/2014,44.07,44.1,43.29,43.5785,31925735,MSFT
7/31/2014,43.38,43.69,43.08,43.16,31540882,MSFT
8/1/2014,43.21,43.25,42.6,42.86,31171094,MSFT
8/4/2014,42.97,43.47,42.81,43.37,34277387,MSFT
8/5/2014,43.31,43.46,42.83,43.08,26267500,MSFT
8/6/2014,42.74,43.17,42.21,42.74,24633966,MSFT
8/7/2014,42.84,43.45,42.65,43.23,30315183,MSFT
8/8/2014,43.23,43.315,42.91,43.2,28943024,MSFT
8/11/2014,43.26,43.45,43.02,43.2,20351600,MSFT
8/12/2014,43.04,43.59,43,43.52,21433589,MSFT
8/13/2014,43.68,44.18,43.52,44.08,22851136,MSFT
8/14/2014,44.08,44.417,44.01,44.27,19313194,MSFT
8/15/2014,44.58,44.895,44.4,44.79,41611308,MSFT
8/18/2014,44.94,45.11,44.68,45.11,26895359,MSFT
8/19/2014,44.97,45.34,44.83,45.33,28139494,MSFT
8/20/2014,45.34,45.4,44.9,44.95,24770487,MSFT
8/21/2014,44.84,45.25,44.83,45.22,22285502,MSFT
8/22/2014,45.35,45.47,45.07,45.15,18294741,MSFT
8/25/2014,45.4,45.44,45.04,45.17,16909999,MSFT
8/26/2014,45.31,45.395,44.94,45.005,14877669,MSFT
8/27/2014,44.9,45,44.76,44.87,21287931,MSFT
8/28/2014,44.75,44.98,44.61,44.88,17657643,MSFT
8/29/2014,45.09,45.44,44.855,45.43,21608625,MSFT
9/2/2014,45.43,45.46,44.85,45.09,22976775,MSFT
9/3/2014,44.53,45.11,44.53,44.96,33689341,MSFT
9/4/2014,44.74,45.27,44.72,45.26,26478082,MSFT
9/5/2014,45.11,45.93,45.11,45.91,36939360,MSFT
9/8/2014,46.02,46.8,45.99,46.47,45736730,MSFT
9/9/2014,46.47,46.97,46.42,46.76,40302386,MSFT
9/10/2014,46.8201,46.94,46.28,46.84,27304409,MSFT
9/11/2014,46.74,47,46.47,47,29216560,MSFT
9/12/2014,46.91,47.02,46.6,46.695,38247122,MSFT
9/15/2014,46.54,46.71,46.1,46.24,37667644,MSFT
9/16/2014,46.39,46.85,46.29,46.76,27910571,MSFT
9/17/2014,46.26,46.69,46.23,46.52,38311924,MSFT
9/18/2014,46.59,46.83,46.46,46.68,35556632,MSFT
9/19/2014,46.81,47.57,46.6,47.52,202526536,MSFT
9/22/2014,47.3,47.38,46.98,47.06,38686091,MSFT
9/23/2014,46.85,46.98,46.47,46.56,33431078,MSFT
9/24/2014,46.63,47.11,46.34,47.08,26582713,MSFT
9/25/2014,46.88,47.09,46.03,46.04,33077385,MSFT
9/26/2014,45.93,46.62,45.76,46.41,27078764,MSFT
9/29/2014,45.98,46.56,45.76,46.44,26090980,MSFT
9/30/2014,46.37,46.4763,46.01,46.36,33033086,MSFT
10/1/2014,46.27,46.53,45.845,45.9,38088355,MSFT
10/2/2014,45.83,46.1,45.64,45.76,25119508,MSFT
10/3/2014,45.98,46.3,45.61,46.09,32453273,MSFT
10/6/2014,46.12,46.3,45.9199,46.09,20603960,MSFT
10/7/2014,45.86,45.93,45.42,45.53,25724544,MSFT
10/8/2014,45.48,46.89,45.34,46.78,33030972,MSFT
10/9/2014,46.5,46.8,45.74,45.85,34426595,MSFT
10/10/2014,45.6,46.12,43.95,44.03,51978146,MSFT
10/13/2014,43.82,44.56,43.49,43.65,37100207,MSFT
10/14/2014,43.87,44.38,43.56,43.73,38120558,MSFT
10/15/2014,43,43.39,42.1,43.22,60220961,MSFT
10/16/2014,42.53,43.08,42.22,42.74,49040989,MSFT
10/17/2014,43.2,43.935,42.79,43.63,40683346,MSFT
10/20/2014,43.06,44.14,42.81,44.08,34530887,MSFT
10/21/2014,44.36,44.975,44.19,44.88,36433824,MSFT
10/22/2014,45,45.07,44.225,44.38,33579817,MSFT
10/23/2014,44.62,45.445,44.53,45.02,45451869,MSFT
10/24/2014,46.83,46.9,45.18,46.13,61081039,MSFT
10/27/2014,45.71,46.1,45.71,45.91,30371308,MSFT
10/28/2014,45.86,46.5,45.77,46.49,29049750,MSFT
10/29/2014,46.44,46.7,46.34,46.62,30283622,MSFT
10/30/2014,46.32,46.32,45.77,46.05,30073873,MSFT
10/31/2014,46.94,46.97,46.48,46.95,35849656,MSFT
11/3/2014,46.89,47.46,46.73,47.44,23130397,MSFT
11/4/2014,47.301,47.73,47.25,47.57,21530813,MSFT
11/5/2014,47.8,47.9,47.26,47.86,22449594,MSFT
11/6/2014,47.86,48.86,47.79,48.7,33037841,MSFT
11/7/2014,48.92,48.92,48.2901,48.68,28000598,MSFT
11/10/2014,48.65,49.15,48.55,48.89,36370067,MSFT
11/11/2014,48.85,48.93,48.645,48.87,23445239,MSFT
11/12/2014,48.56,48.92,48.52,48.78,22722123,MSFT
11/13/2014,48.81,49.645,48.705,49.61,26210433,MSFT
11/14/2014,49.74,50.045,49.39,49.58,29081657,MSFT
11/17/2014,49.41,49.705,49.14,49.46,30318648,MSFT
11/18/2014,49.13,49.325,48.7,48.74,23996457,MSFT
11/19/2014,48.66,48.7549,47.93,48.22,26177450,MSFT
11/20/2014,48,48.7,47.87,48.7,21510587,MSFT
11/21/2014,49.02,49.05,47.57,47.98,42884795,MSFT
11/24/2014,47.99,48,47.39,47.59,35434245,MSFT
11/25/2014,47.66,47.97,47.45,47.47,28007993,MSFT
11/26/2014,47.49,47.99,47.28,47.75,27164877,MSFT
11/28/2014,47.95,48.195,47.61,47.81,21534426,MSFT
12/1/2014,47.88,48.78,47.71,48.62,31191575,MSFT
12/2/2014,48.84,49.05,48.2,48.46,25773478,MSFT
12/3/2014,48.44,48.5,47.805,48.08,23534752,MSFT
12/4/2014,48.39,49.06,48.2,48.84,30345132,MSFT
12/5/2014,48.82,48.97,48.38,48.42,27313449,MSFT
12/8/2014,48.26,48.35,47.445,47.695,26663107,MSFT
12/9/2014,47.11,47.92,47.05,47.59,24330506,MSFT
12/10/2014,47.58,47.66,46.7001,46.9,30431788,MSFT
12/11/2014,47.08,47.74,46.68,47.17,29061918,MSFT
12/12/2014,46.78,47.73,46.67,46.95,34248371,MSFT
12/15/2014,47.2,47.67,46.55,46.67,29247761,MSFT
12/16/2014,45.9,46.34,45.13,45.16,47801392,MSFT
12/17/2014,45.05,45.945,44.9,45.74,34970865,MSFT
12/18/2014,46.58,47.52,46.3386,47.52,40105550,MSFT
12/19/2014,47.63,48.1,47.17,47.66,64551182,MSFT
12/22/2014,47.78,48.12,47.71,47.98,26565984,MSFT
12/23/2014,48.37,48.8,48.13,48.45,23656529,MSFT
12/24/2014,48.64,48.64,48.08,48.14,11442790,MSFT
12/26/2014,48.41,48.41,47.82,47.88,13197817,MSFT
12/29/2014,47.7,47.78,47.26,47.45,14439518,MSFT
12/30/2014,47.44,47.62,46.84,47.02,16384692,MSFT
12/31/2014,46.73,47.44,46.45,46.45,21552450,MSFT
1/2/2015,46.66,47.42,46.54,46.76,27913852,MSFT
1/5/2015,46.37,46.73,46.25,46.325,39673865,MSFT
1/6/2015,46.38,46.749,45.54,45.65,36447854,MSFT
1/7/2015,45.98,46.46,45.49,46.23,29114061,MSFT
1/8/2015,46.75,47.7499,46.72,47.59,29645202,MSFT
1/9/2015,47.61,47.82,46.9,47.19,23944181,MSFT
1/12/2015,47.42,47.54,46.36,46.6,23651887,MSFT
1/13/2015,46.97,47.91,46.06,46.355,35270601,MSFT
1/14/2015,45.96,46.24,45.62,45.955,29719580,MSFT
1/15/2015,46.22,46.38,45.41,45.48,32750779,MSFT
1/16/2015,45.31,46.28,45.17,46.24,35695289,MSFT
1/20/2015,46.3,46.65,45.57,46.39,36161860,MSFT
1/21/2015,45.94,46.14,45.48,45.92,39081143,MSFT
1/22/2015,46.38,47.135,46.08,47.13,35898035,MSFT
1/23/2015,47.36,47.39,46.8,47.18,26211594,MSFT
1/26/2015,47,47.1339,46.2399,47.01,42525530,MSFT
1/27/2015,42.95,43.2,42.105,42.66,169163953,MSFT
1/28/2015,42.74,42.79,41.16,41.19,84507078,MSFT
1/29/2015,40.93,42.12,40.79,42.01,63585273,MSFT
1/30/2015,41.55,41.58,40.35,40.4,78004944,MSFT
2/2/2015,40.59,41.37,40.23,41.28,50352532,MSFT
2/3/2015,41.63,41.93,41.045,41.6,52082448,MSFT
2/4/2015,41.94,42.21,41.36,41.84,41614812,MSFT
2/5/2015,42.22,42.64,41.855,42.45,36548168,MSFT
2/6/2015,42.68,42.79,42.15,42.41,34616554,MSFT
2/9/2015,42.24,42.74,42.21,42.36,31381061,MSFT
2/10/2015,42.74,42.77,42.18,42.6,29670676,MSFT
2/11/2015,42.65,42.65,42.21,42.38,38262509,MSFT
2/12/2015,42.66,43.09,42.51,43.09,33268831,MSFT
2/13/2015,43.38,43.87,43.15,43.87,40264887,MSFT
2/17/2015,43.97,44,43.19,43.58,33695749,MSFT
2/18/2015,43.63,43.7,43.39,43.53,27111657,MSFT
2/19/2015,43.18,43.5263,43.05,43.5,27603420,MSFT
2/20/2015,43.51,43.88,43.29,43.855,29721133,MSFT
2/23/2015,43.7,44.19,43.65,44.15,32518754,MSFT
2/24/2015,44.15,44.3,43.92,44.09,25271747,MSFT
2/25/2015,43.95,44.09,43.8,43.99,29759820,MSFT
2/26/2015,43.99,44.23,43.89,44.055,28957329,MSFT
2/27/2015,44.13,44.2,43.66,43.85,33807740,MSFT
3/2/2015,43.67,44.19,43.55,43.88,31924049,MSFT
3/3/2015,43.56,43.825,43.09,43.28,31748648,MSFT
3/4/2015,43.01,43.21,42.88,43.055,25748692,MSFT
3/5/2015,43.07,43.24,42.82,43.11,23193541,MSFT
3/6/2015,43,43.11,42.15,42.36,36248785,MSFT
3/9/2015,42.19,43.125,42.19,42.85,32107957,MSFT
3/10/2015,42.35,42.71,42.03,42.03,39159730,MSFT
3/11/2015,42.31,42.37,41.84,41.98,32215314,MSFT
3/12/2015,41.33,41.65,40.86,41.02,59992502,MSFT
3/13/2015,40.7,41.47,40.61,41.38,58007705,MSFT
3/16/2015,41.47,41.64,41.28,41.56,35273452,MSFT
3/17/2015,41.37,41.83,41.15,41.695,31673448,MSFT
3/18/2015,41.43,42.83,41.33,42.5,44194771,MSFT
3/19/2015,42.26,42.59,42.22,42.285,33879066,MSFT
3/20/2015,42.56,42.98,42.49,42.88,71904529,MSFT
3/23/2015,42.88,43.13,42.78,42.855,26246086,MSFT
3/24/2015,42.78,43.17,42.75,42.9,25513252,MSFT
3/25/2015,42.92,42.925,41.44,41.46,43469907,MSFT
3/26/2015,41.22,41.61,40.92,41.21,37495627,MSFT
3/27/2015,41.12,41.43,40.83,40.97,34401398,MSFT
3/30/2015,41.1,41.54,40.91,40.96,35049662,MSFT
3/31/2015,40.78,41.03,40.54,40.655,34887219,MSFT
4/1/2015,40.6,40.76,40.31,40.72,36865322,MSFT
4/2/2015,40.66,40.74,40.12,40.29,37487476,MSFT
4/6/2015,40.34,41.78,40.18,41.545,39223692,MSFT
4/7/2015,41.61,41.91,41.31,41.53,28809375,MSFT
4/8/2015,41.46,41.69,41.04,41.42,24753438,MSFT
4/9/2015,41.25,41.62,41.25,41.48,25723861,MSFT
4/10/2015,41.63,41.95,41.41,41.72,28022002,MSFT
4/13/2015,41.4,42.06,41.39,41.76,30276692,MSFT
4/14/2015,41.8,42.03,41.39,41.65,24244382,MSFT
4/15/2015,41.76,42.46,41.68,42.255,27343581,MSFT
4/16/2015,41.95,42.34,41.82,42.16,22509652,MSFT
4/17/2015,41.67,41.74,41.16,41.615,42387608,MSFT
4/20/2015,41.73,43.17,41.68,42.905,46057733,MSFT
4/21/2015,43,43.15,42.53,42.635,26013844,MSFT
4/22/2015,42.67,43.13,42.55,42.985,25064273,MSFT
4/23/2015,42.89,43.61,42.8,43.34,46309530,MSFT
4/24/2015,45.66,48.14,45.65,47.87,130933665,MSFT
4/27/2015,47.23,48.13,47.22,48.03,59248172,MSFT
4/28/2015,47.78,49.21,47.7,49.155,60730778,MSFT
4/29/2015,48.72,49.31,48.5,49.06,47804562,MSFT
4/30/2015,48.7,49.54,48.6,48.64,64725457,MSFT
5/1/2015,48.58,48.875,48.4,48.655,38937336,MSFT
5/4/2015,48.37,48.87,48.18,48.24,34039485,MSFT
5/5/2015,47.82,48.16,47.31,47.6,50369191,MSFT
5/6/2015,47.57,47.77,46.02,46.28,52433020,MSFT
5/7/2015,46.27,47.085,46.16,46.7,32971654,MSFT
5/8/2015,47.55,47.98,47.52,47.75,35364911,MSFT
5/11/2015,47.55,47.91,47.37,47.37,24609416,MSFT
5/12/2015,46.85,47.68,46.42,47.35,29928264,MSFT
5/13/2015,48.19,48.32,47.57,47.625,34184613,MSFT
5/14/2015,48.0301,48.82,48.03,48.72,32980892,MSFT
5/15/2015,48.87,48.905,48.05,48.295,28642694,MSFT
5/18/2015,47.98,48.22,47.61,48.01,24136502,MSFT
5/19/2015,47.56,47.81,47.18,47.58,28574813,MSFT
5/20/2015,47.39,47.93,47.27,47.58,25047919,MSFT
5/21/2015,47.28,47.6,47.005,47.42,22410698,MSFT
5/22/2015,47.3,47.35,46.82,46.9,25720583,MSFT
5/26/2015,46.83,46.88,46.19,46.59,29581860,MSFT
5/27/2015,46.82,47.77,46.62,47.61,27335639,MSFT
5/28/2015,47.5,48.02,47.39,47.45,19283666,MSFT
5/29/2015,47.43,47.57,46.59,46.86,36519594,MSFT
6/1/2015,47.06,47.77,46.62,47.23,28837332,MSFT
6/2/2015,46.93,47.35,46.62,46.92,21498326,MSFT
6/3/2015,47.37,47.735,46.82,46.85,28002154,MSFT
6/4/2015,46.79,47.16,46.2,46.36,27745512,MSFT
6/5/2015,46.31,46.52,45.84,46.14,25438086,MSFT
6/8/2015,46.3,46.43,45.67,45.73,22121634,MSFT
6/9/2015,45.76,45.94,45.46,45.65,24406057,MSFT
6/10/2015,45.79,46.83,45.69,46.61,28417405,MSFT
6/11/2015,46.66,46.92,46.13,46.44,27347758,MSFT
6/12/2015,46.22,46.47,45.9,45.97,23930972,MSFT
6/15/2015,45.45,45.65,45.0201,45.475,33254517,MSFT
6/16/2015,45.35,46.24,45.3,45.83,27070306,MSFT
6/17/2015,45.73,46.07,45.36,45.97,28704061,MSFT
6/18/2015,46.22,46.8,46.17,46.72,32658343,MSFT
6/19/2015,46.79,46.825,45.99,46.1,63837036,MSFT
6/22/2015,46.33,46.72,46.16,46.23,20318055,MSFT
6/23/2015,46.13,46.28,45.62,45.91,25896473,MSFT
6/24/2015,45.67,46.245,45.55,45.635,34890901,MSFT
6/25/2015,46.03,46.06,45.5,45.65,20615995,MSFT
6/26/2015,45.65,46.28,45.03,45.26,49835287,MSFT
6/29/2015,45.04,45.23,44.36,44.37,34081746,MSFT
6/30/2015,44.71,44.72,43.94,44.15,35945384,MSFT
7/1/2015,44.46,45.23,44.1,44.445,28343907,MSFT
7/2/2015,44.48,44.75,44.06,44.4,21752013,MSFT
7/6/2015,43.96,44.48,43.95,44.39,23033961,MSFT
7/7/2015,44.34,44.49,43.32,44.3,36435827,MSFT
7/8/2015,44.44,44.9,44.03,44.24,39785901,MSFT
7/9/2015,44.75,45.22,44.5,44.52,32424672,MSFT
7/10/2015,45.01,45.14,44.57,44.61,25465757,MSFT
7/13/2015,44.975,45.62,44.9501,45.54,28178329,MSFT
7/14/2015,45.45,45.96,45.31,45.62,22880260,MSFT
7/15/2015,45.68,45.89,45.43,45.76,26629615,MSFT
7/16/2015,46.01,46.69,45.965,46.66,26271673,MSFT
7/17/2015,46.55,46.78,46.26,46.62,29467107,MSFT
7/20/2015,46.65,47.13,46.44,46.92,30631905,MSFT
7/21/2015,46.78,47.33,46.48,47.28,42781899,MSFT
7/22/2015,45.44,46.93,45.203,45.54,59152427,MSFT
7/23/2015,45.27,46.23,45.1,46.11,33934010,MSFT
7/24/2015,45.91,46.32,45.8,45.94,32333244,MSFT
7/27/2015,45.94,46.01,45.25,45.35,39701420,MSFT
7/28/2015,45.58,45.639,44.79,45.34,34328948,MSFT
7/29/2015,45.4,46.78,45.26,46.29,40945864,MSFT
7/30/2015,46.26,47.4,45.93,46.88,39777883,MSFT
7/31/2015,47.29,47.37,46.5,46.7,31201480,MSFT
8/3/2015,46.98,47,46.45,46.81,24125886,MSFT
8/4/2015,46.75,47.71,46.68,47.54,33403916,MSFT
8/5/2015,47.98,48.41,47.54,47.58,26959655,MSFT
8/6/2015,47.71,47.77,46.33,46.62,27368000,MSFT
8/7/2015,46.39,46.78,46.26,46.74,19163038,MSFT
8/10/2015,46.95,47.49,46.84,47.33,23079870,MSFT
8/11/2015,46.82,46.94,45.9,46.41,29237402,MSFT
8/12/2015,46.19,46.9,45.705,46.74,30198532,MSFT
8/13/2015,47.06,47.1,46.49,46.73,22627241,MSFT
8/14/2015,46.53,47.1,46.52,47,21473402,MSFT
8/17/2015,46.81,47.45,46.57,47.32,21099746,MSFT
8/18/2015,46.84,47.43,46.7,47.27,23574104,MSFT
8/19/2015,46.78,47.08,46.3,46.61,31485511,MSFT
8/20/2015,46.07,46.47,45.66,45.66,36238227,MSFT
8/21/2015,45.3,45.48,43.07,43.07,70053084,MSFT
8/24/2015,40.45,43.31,39.72,41.68,88753660,MSFT
8/25/2015,42.565,43.24,40.39,40.47,70616597,MSFT
8/26/2015,42.01,42.84,41.06,42.71,63407996,MSFT
8/27/2015,43.14,43.95,42.925,43.9,50943211,MSFT
8/28/2015,43.47,44.15,43.39,43.93,28246725,MSFT
8/31/2015,43.74,43.93,43.1,43.52,34441662,MSFT
9/1/2015,42.23,42.59,41.66,41.82,49688896,MSFT
9/2/2015,42.24,43.38,41.88,43.36,37671518,MSFT
9/3/2015,43.41,43.98,43.28,43.5,28285205,MSFT
9/4/2015,42.81,43.04,42.195,42.61,37138775,MSFT
9/8/2015,43.3,44,43.2,43.89,32469766,MSFT
9/9/2015,44.21,44.4,42.91,43.07,33469485,MSFT
9/10/2015,43.12,43.79,42.745,43.29,31366630,MSFT
9/11/2015,43.14,43.59,42.9399,43.48,27132527,MSFT
9/14/2015,43.43,43.44,42.86,43.04,23656048,MSFT
9/15/2015,43.19,44.29,43.08,43.98,28882206,MSFT
9/16/2015,43.97,44.38,43.84,44.3,23372162,MSFT
9/17/2015,44.29,45,44.08,44.25,32768161,MSFT
9/18/2015,43.5,43.99,43.33,43.48,63143684,MSFT
9/21/2015,43.62,44.47,43.6,44.11,26177224,MSFT
9/22/2015,43.38,44.05,43.31,43.9,28085903,MSFT
9/23/2015,43.93,44.17,43.51,43.87,17145238,MSFT
9/24/2015,43.45,44.13,43.27,43.91,27905607,MSFT
9/25/2015,44.48,44.73,43.76,43.94,29384601,MSFT
9/28/2015,43.83,44.085,43.205,43.29,27613785,MSFT
9/29/2015,43.37,43.57,43.05,43.44,32763557,MSFT
9/30/2015,43.88,44.3,43.66,44.26,34958880,MSFT
10/1/2015,44.75,44.75,43.75,44.61,28657859,MSFT
10/2/2015,44.27,45.57,43.92,45.57,41839035,MSFT
10/5/2015,45.745,46.89,45.7,46.63,34369286,MSFT
10/6/2015,46.33,47.175,46.22,46.75,27510808,MSFT
10/7/2015,47.1,47.35,45.95,46.8,27711492,MSFT
10/8/2015,46.56,47.515,46.5,47.45,33772709,MSFT
10/9/2015,47.45,47.54,46.92,47.11,28600632,MSFT
10/12/2015,46.98,47.07,46.5,47,19769066,MSFT
10/13/2015,46.56,47.1299,46.56,46.89,19987816,MSFT
10/14/2015,46.65,47.1,46.53,46.68,24697766,MSFT
10/15/2015,47.01,47.03,46.53,47.01,27189370,MSFT
10/16/2015,47.02,47.54,46.897,47.51,26450334,MSFT
10/19/2015,47.42,47.88,47.02,47.62,29387581,MSFT
10/20/2015,47.44,47.81,47.02,47.77,30802235,MSFT
10/21/2015,47.92,47.99,47.11,47.2,25264710,MSFT
10/22/2015,47.53,48.95,47.09,48.03,56637074,MSFT
10/23/2015,52.3,54.07,52.25,52.87,135227059,MSFT
10/26/2015,52.53,54.32,52.5,54.25,64633324,MSFT
10/27/2015,53.99,54.37,53.58,53.69,50999907,MSFT
10/28/2015,53.54,53.98,52.86,53.98,47000753,MSFT
10/29/2015,53.54,53.83,53.22,53.36,30202078,MSFT
10/30/2015,53.32,53.99,52.62,52.64,46619761,MSFT
11/2/2015,52.85,53.36,52.62,53.24,30284982,MSFT
11/3/2015,52.93,54.39,52.9,54.15,36596931,MSFT
11/4/2015,54.18,54.88,54.06,54.4,37087849,MSFT
11/5/2015,54.49,54.7,54,54.38,31468485,MSFT
11/6/2015,54.085,54.98,53.964,54.92,32851204,MSFT
11/9/2015,54.55,54.87,53.56,54.16,32513067,MSFT
11/10/2015,54.07,54.13,53.27,53.51,55283697,MSFT
11/11/2015,53.7,54.2,53.46,53.65,36516260,MSFT
11/12/2015,53.48,53.9791,53.19,53.32,35361095,MSFT
11/13/2015,53.07,53.29,52.53,52.84,36848175,MSFT
11/16/2015,53.08,53.89,52.85,53.765,32165198,MSFT
11/17/2015,53.17,53.53,52.85,52.97,31551255,MSFT
11/18/2015,53,53.98,52.9799,53.85,29710030,MSFT
11/19/2015,53.99,54.66,53.781,53.94,28149228,MSFT
11/20/2015,54.25,54.3,53.265,54.19,37147608,MSFT
11/23/2015,54.25,54.46,53.75,54.19,28235918,MSFT
11/24/2015,53.92,54.44,53.58,54.25,24600043,MSFT
11/25/2015,54.09,54.23,53.69,53.69,21005147,MSFT
11/27/2015,53.8,54.08,53.79,53.93,9009132,MSFT
11/30/2015,54.54,54.96,53.9999,54.35,56241417,MSFT
12/1/2015,54.41,55.23,54.3,55.22,39952779,MSFT
12/2/2015,55.32,55.96,55.06,55.21,47274879,MSFT
12/3/2015,55.49,55.77,53.93,54.2,38627835,MSFT
12/4/2015,54.12,56.23,54.1,55.91,43963662,MSFT
12/7/2015,55.79,55.97,55.29,55.81,30709765,MSFT
12/8/2015,55.47,56.1,54.99,55.79,32878026,MSFT
12/9/2015,55.37,55.87,54.51,54.98,36373209,MSFT
12/10/2015,55.39,55.655,55.01,55.27,31775826,MSFT
12/11/2015,54.71,55.1,54.01,54.06,39549497,MSFT
12/14/2015,54.33,55.21,53.68,55.14,47006491,MSFT
12/15/2015,55.66,55.9,55.09,55.2,39842998,MSFT
12/16/2015,55.54,56.245,54.76,56.13,37503300,MSFT
12/17/2015,56.36,56.79,55.5348,55.7,41280907,MSFT
12/18/2015,55.77,56,54.03,54.13,84684164,MSFT
12/21/2015,54.88,55.35,54.2262,54.83,37246325,MSFT
12/22/2015,54.99,55.48,54.5,55.35,28322241,MSFT
12/23/2015,55.7,55.88,55.44,55.82,27279832,MSFT
12/24/2015,55.86,55.96,55.43,55.67,9570002,MSFT
12/28/2015,55.35,55.95,54.98,55.95,22458293,MSFT
12/29/2015,56.29,56.85,56.06,56.55,27731403,MSFT
12/30/2015,56.47,56.78,56.2875,56.31,21704505,MSFT
12/31/2015,56.04,56.19,55.42,55.48,27334061,MSFT
1/4/2016,54.32,54.8,53.39,54.8,53777963,MSFT
1/5/2016,54.93,55.39,54.54,55.05,34079674,MSFT
1/6/2016,54.32,54.4001,53.64,54.05,39518863,MSFT
1/7/2016,52.7,53.485,52.07,52.17,56564852,MSFT
1/8/2016,52.37,53.28,52.15,52.33,48753969,MSFT
1/11/2016,52.51,52.85,51.46,52.3,36943756,MSFT
1/12/2016,52.76,53.1,52.06,52.78,36095539,MSFT
1/13/2016,53.8,54.07,51.3038,51.64,66883571,MSFT
1/14/2016,52,53.4163,51.57,53.11,52381918,MSFT
1/15/2016,51.31,51.97,50.34,50.99,71820697,MSFT
1/19/2016,51.48,51.68,50.06,50.56,43564538,MSFT
1/20/2016,49.98,51.38,49.1,50.79,63272993,MSFT
1/21/2016,51,51.58,50.3,50.48,40191157,MSFT
1/22/2016,51.41,52.33,51.26,52.29,37555789,MSFT
1/25/2016,51.94,52.65,51.65,51.79,34707717,MSFT
1/26/2016,51.79,52.44,51.55,52.17,28900820,MSFT
1/27/2016,52.01,52.2,51.0201,51.22,36775194,MSFT
1/28/2016,51.86,52.21,51.25,52.055,62513789,MSFT
1/29/2016,54.73,55.09,54,55.09,83611686,MSFT
2/1/2016,54.88,55.09,54.495,54.71,44208542,MSFT
2/2/2016,54.17,54.26,52.65,53,56313753,MSFT
2/3/2016,53.25,53.39,51.26,52.16,57559814,MSFT
2/4/2016,52.1,52.81,51.37,52,46987123,MSFT
2/5/2016,51.94,52,49.56,50.16,62008994,MSFT
2/8/2016,49.55,49.57,48.19,49.41,59290497,MSFT
2/9/2016,49.02,50.24,48.67,49.28,46740474,MSFT
2/10/2016,49.89,50.39,49.52,49.71,38236954,MSFT
2/11/2016,48.68,50.11,48.51,49.69,48878571,MSFT
2/12/2016,50.25,50.68,49.75,50.5,34243324,MSFT
2/16/2016,50.9,51.09,50.13,51.09,37291208,MSFT
2/17/2016,51.49,52.77,51.45,52.42,40788968,MSFT
2/18/2016,52.33,52.95,52.1,52.19,27176035,MSFT
2/19/2016,51.97,52.28,51.53,51.82,33559073,MSFT
2/22/2016,52.28,53,52.28,52.65,25008291,MSFT
2/23/2016,52.34,52.37,50.98,51.18,28895274,MSFT
2/24/2016,50.69,51.5,50.2,51.36,33014457,MSFT
2/25/2016,51.73,52.1,50.61,52.1,26939467,MSFT
2/26/2016,52.6,52.68,51.1,51.3,35975925,MSFT
2/29/2016,51.35,51.65,50.66,50.88,31654036,MSFT
3/1/2016,50.97,52.59,50.9199,52.58,33024535,MSFT
3/2/2016,52.41,52.96,52.155,52.95,29289884,MSFT
3/3/2016,52.97,52.97,51.78,52.35,24427813,MSFT
3/4/2016,52.4,52.45,51.71,52.03,33034150,MSFT
3/7/2016,51.56,51.8,50.58,51.03,38428816,MSFT
3/8/2016,50.8,52.13,50.595,51.65,33835119,MSFT
3/9/2016,51.89,52.85,51.855,52.84,28251588,MSFT
3/10/2016,52.93,52.94,51.16,52.05,38387804,MSFT
3/11/2016,53,53.07,52.38,53.07,32275677,MSFT
3/14/2016,52.71,53.59,52.63,53.17,24083616,MSFT
3/15/2016,52.75,53.59,52.74,53.59,21104763,MSFT
3/16/2016,53.45,54.6,53.4,54.35,31691742,MSFT
3/17/2016,54.21,55,54,54.66,28223947,MSFT
3/18/2016,54.92,54.97,53.445,53.49,67625518,MSFT
3/21/2016,53.25,53.9298,52.93,53.86,23925716,MSFT
3/22/2016,53.61,54.25,53.46,54.07,23124143,MSFT
3/23/2016,54.11,54.24,53.74,53.97,20129015,MSFT
3/24/2016,53.84,54.33,53.73,54.21,19949972,MSFT
3/28/2016,54.21,54.29,53.33,53.54,17025050,MSFT
3/29/2016,53.66,54.86,53.45,54.71,23924329,MSFT
3/30/2016,54.93,55.64,54.9,55.05,23008260,MSFT
3/31/2016,54.95,55.59,54.86,55.23,26360495,MSFT
4/1/2016,55.05,55.61,54.57,55.57,24399193,MSFT
4/4/2016,55.43,55.66,55,55.43,18928810,MSFT
4/5/2016,55.19,55.3,54.46,54.56,19272255,MSFT
4/6/2016,54.36,55.2,54.21,55.12,21188682,MSFT
4/7/2016,54.87,54.91,54.23,54.46,19225092,MSFT
4/8/2016,54.67,55.28,54.32,54.42,22167223,MSFT
4/11/2016,54.49,55.15,54.3,54.31,21414227,MSFT
4/12/2016,54.37,54.78,53.76,54.65,24944288,MSFT
4/13/2016,55.12,55.4375,54.89,55.35,20817961,MSFT
4/14/2016,55.22,55.575,55.07,55.36,20877108,MSFT
4/15/2016,55.3,55.92,55.11,55.65,28793753,MSFT
4/18/2016,55.49,56.59,55.21,56.46,23785950,MSFT
4/19/2016,56.63,56.77,55.68,56.39,29596827,MSFT
4/20/2016,56.29,56.5,55.485,55.59,36195714,MSFT
4/21/2016,55.8,56.23,55.415,55.78,38909096,MSFT
4/22/2016,51.91,52.4297,50.77,51.78,126834091,MSFT
4/25/2016,51.78,52.13,51.63,52.11,33226948,MSFT
4/26/2016,52.26,52.35,51.09,51.44,33532636,MSFT
4/27/2016,51.48,51.5,50.55,50.94,43369256,MSFT
4/28/2016,50.62,50.77,49.56,49.9,43134846,MSFT
4/29/2016,49.35,50.25,49.35,49.87,48411684,MSFT
5/2/2016,50,50.75,49.7799,50.61,33114539,MSFT
5/3/2016,50.34,50.41,49.6,49.78,26460244,MSFT
5/4/2016,49.84,50.06,49.46,49.87,24257556,MSFT
5/5/2016,49.87,50.3,49.73,49.94,25390718,MSFT
5/6/2016,49.92,50.39,49.66,50.39,24787301,MSFT
5/9/2016,50.49,50.585,50,50.07,17951598,MSFT
5/10/2016,50.33,51.1,50.19,51.02,22890966,MSFT
5/11/2016,51.13,51.78,51,51.05,24039140,MSFT
5/12/2016,51.2,51.81,50.92,51.51,24102781,MSFT
5/13/2016,51.44,51.895,51.04,51.08,22592342,MSFT
5/16/2016,50.8,51.96,50.75,51.83,20032017,MSFT
5/17/2016,51.72,51.73,50.36,50.51,27803514,MSFT
5/18/2016,50.48,51.14,50.3,50.81,24907532,MSFT
5/19/2016,50.47,50.62,49.82,50.32,23842358,MSFT
5/20/2016,50.48,51.22,50.4,50.62,23905769,MSFT
5/23/2016,50.6,50.68,49.98,50.03,26118720,MSFT
5/24/2016,50.7,51.71,50.4,51.59,34757944,MSFT
5/25/2016,51.92,52.49,51.79,52.12,24204566,MSFT
5/26/2016,51.93,51.9793,51.36,51.89,24335223,MSFT
5/27/2016,51.92,52.32,51.77,52.32,17721438,MSFT
5/31/2016,52.26,53,52.08,53,37653081,MSFT
6/1/2016,52.44,52.95,52.44,52.85,25324828,MSFT
6/2/2016,52.64,52.74,51.835,52.48,22840779,MSFT
6/3/2016,52.38,52.42,51.6,51.79,23368291,MSFT
6/6/2016,51.99,52.35,51.89,52.13,18243271,MSFT
6/7/2016,52.24,52.73,52.1,52.1,20866770,MSFT
6/8/2016,52.02,52.44,51.87,52.04,21149438,MSFT
6/9/2016,52,52,51.49,51.62,20305664,MSFT
6/10/2016,51.05,52.05,51.04,51.48,25833151,MSFT
6/13/2016,49.58,50.715,49.06,50.14,83217844,MSFT
6/14/2016,49.9,50.1,49.57,49.83,42577106,MSFT
6/15/2016,49.78,50.12,49.69,49.69,33757639,MSFT
6/16/2016,49.52,50.47,49.5068,50.39,31188605,MSFT
6/17/2016,50.41,50.43,49.82,50.13,45710516,MSFT
6/20/2016,50.64,50.83,50.03,50.07,35607946,MSFT
6/21/2016,50.2,51.43,50.16,51.19,34097825,MSFT
6/22/2016,51.08,51.46,50.9525,50.99,28816848,MSFT
6/23/2016,51.28,52.06,51.15,51.91,29028833,MSFT
6/24/2016,49.81,50.94,49.52,49.83,133502985,MSFT
6/27/2016,49.1,49.1466,48.035,48.43,50576699,MSFT
6/28/2016,48.92,49.47,48.67,49.44,38140658,MSFT
6/29/2016,49.91,50.72,49.8,50.54,31304021,MSFT
6/30/2016,50.72,51.3,50.5,51.17,28527781,MSFT
7/1/2016,51.13,51.72,51.07,51.16,21400392,MSFT
7/5/2016,50.83,51.28,50.74,51.17,24806351,MSFT
7/6/2016,50.78,51.54,50.39,51.38,28167461,MSFT
7/7/2016,51.42,51.61,51.07,51.38,19585194,MSFT
7/8/2016,51.73,52.36,51.55,52.3,28391026,MSFT
7/11/2016,52.5,52.83,52.47,52.59,22269203,MSFT
7/12/2016,52.94,53.4,52.785,53.21,27317555,MSFT
7/13/2016,53.56,53.86,53.18,53.51,25356841,MSFT
7/14/2016,53.84,53.99,53.58,53.74,24545520,MSFT
7/15/2016,53.95,54,53.21,53.7,32024385,MSFT
7/18/2016,53.7,54.34,53.55,53.96,31433864,MSFT
7/19/2016,53.71,53.9,52.93,53.09,53336533,MSFT
7/20/2016,56.15,56.84,55.53,55.91,89893301,MSFT
7/21/2016,55.98,56.23,55.76,55.8,32776653,MSFT
7/22/2016,56.08,56.6275,55.78,56.57,32157167,MSFT
7/25/2016,56.47,56.74,56.255,56.73,25610587,MSFT
7/26/2016,56.52,57.29,56.51,56.76,28078995,MSFT
7/27/2016,56.61,56.8,56.11,56.19,32327477,MSFT
7/28/2016,56,56.37,55.72,56.21,37550411,MSFT
7/29/2016,56.26,56.76,56.05,56.68,30558718,MSFT
8/1/2016,56.6,56.75,56.14,56.58,26003419,MSFT
8/2/2016,56.85,56.9,56.31,56.58,35121958,MSFT
8/3/2016,56.68,57.11,56.49,56.97,22075616,MSFT
8/4/2016,56.8,57.5193,56.67,57.39,26587749,MSFT
8/5/2016,57.65,58.21,57.45,57.96,29335221,MSFT
8/8/2016,58.055,58.085,57.78,58.06,19473499,MSFT
8/9/2016,58.17,58.5,58.02,58.2,16920721,MSFT
8/10/2016,58.16,58.32,57.82,58.02,15756913,MSFT
8/11/2016,58.03,58.45,58.03,58.3,18162301,MSFT
8/12/2016,58.03,58.19,57.62,57.94,21655161,MSFT
8/15/2016,58.01,58.5,57.96,58.12,19283902,MSFT
8/16/2016,57.61,57.62,57.27,57.44,20523493,MSFT
8/17/2016,57.54,57.68,57.23,57.56,18856423,MSFT
8/18/2016,57.42,57.7,57.27,57.6,14214341,MSFT
8/19/2016,57.43,57.73,57.2,57.62,17271044,MSFT
8/22/2016,57.6,57.75,57.26,57.67,15221922,MSFT
8/23/2016,57.9,58.18,57.85,57.89,18732373,MSFT
8/24/2016,57.8,58.04,57.715,57.95,18151506,MSFT
8/25/2016,57.88,58.29,57.78,58.17,18552579,MSFT
8/26/2016,58.28,58.7,57.69,58.03,20971202,MSFT
8/29/2016,58.18,58.6,58.1,58.1,16417207,MSFT
8/30/2016,57.98,58.19,57.61,57.89,16930185,MSFT
8/31/2016,57.65,57.8,57.3,57.46,20860269,MSFT
9/1/2016,57.01,57.82,57.01,57.59,26075363,MSFT
9/2/2016,57.67,58.19,57.42,57.67,18900489,MSFT
9/6/2016,57.78,57.8,57.21,57.61,16278416,MSFT
9/7/2016,57.47,57.84,57.405,57.66,17493359,MSFT
9/8/2016,57.63,57.79,57.18,57.43,20146083,MSFT
9/9/2016,56.79,57.52,56.21,56.21,35113934,MSFT
9/12/2016,56,57.205,55.61,57.05,29302962,MSFT
9/13/2016,56.5,56.65,56.05,56.53,30130213,MSFT
9/14/2016,56.39,56.63,56.03,56.26,24274273,MSFT
9/15/2016,56.15,57.35,55.98,57.19,27062614,MSFT
9/16/2016,57.63,57.63,56.75,57.25,44606965,MSFT
9/19/2016,57.27,57.75,56.85,56.93,20937104,MSFT
9/20/2016,57.35,57.35,56.75,56.81,17383982,MSFT
9/21/2016,57.51,57.85,57.08,57.76,33707272,MSFT
9/22/2016,57.92,58,57.63,57.82,19822203,MSFT
9/23/2016,57.87,57.91,57.38,57.43,19955336,MSFT
9/26/2016,57.08,57.14,56.83,56.9,21688720,MSFT
9/27/2016,56.93,58.06,56.681,57.95,28065071,MSFT
9/28/2016,57.88,58.06,57.67,58.03,20536400,MSFT
9/29/2016,57.81,58.1679,57.21,57.4,25463536,MSFT
9/30/2016,57.57,57.77,57.34,57.6,29910788,MSFT
10/3/2016,57.405,57.55,57.06,57.42,19189515,MSFT
10/4/2016,57.27,57.595,56.97,57.24,20085874,MSFT
10/5/2016,57.29,57.9601,57.26,57.64,16726411,MSFT
10/6/2016,57.74,57.86,57.28,57.74,16212611,MSFT
10/7/2016,57.85,57.98,57.42,57.8,20089020,MSFT
10/10/2016,57.91,58.39,57.87,58.04,18196509,MSFT
10/11/2016,57.89,58.02,56.89,57.19,26497418,MSFT
10/12/2016,57.11,57.27,56.4,57.11,22177464,MSFT
10/13/2016,56.7,57.3,56.315,56.92,25313748,MSFT
10/14/2016,57.12,57.74,57.12,57.42,27402451,MSFT
10/17/2016,57.36,57.46,56.87,57.22,23830014,MSFT
10/18/2016,57.53,57.945,57.41,57.66,19149538,MSFT
10/19/2016,57.47,57.84,57.395,57.53,22878397,MSFT
10/20/2016,57.5,57.52,56.66,57.25,49455612,MSFT
10/21/2016,60.28,60.45,59.485,59.66,80032206,MSFT
10/24/2016,59.94,61,59.93,61,54066978,MSFT
10/25/2016,60.85,61.3699,60.8,60.99,35137164,MSFT
10/26/2016,60.81,61.2,60.47,60.63,29911608,MSFT
10/27/2016,60.61,60.83,60.09,60.1,28479856,MSFT
10/28/2016,60.01,60.52,59.58,59.87,33574684,MSFT
10/31/2016,60.16,60.42,59.92,59.92,26434697,MSFT
11/1/2016,59.97,60.02,59.25,59.8,24532986,MSFT
11/2/2016,59.82,59.93,59.3,59.43,22147005,MSFT
11/3/2016,59.53,59.64,59.11,59.21,21600427,MSFT
11/4/2016,58.65,59.28,58.52,58.71,28697016,MSFT
11/7/2016,59.78,60.52,59.78,60.42,31664798,MSFT
11/8/2016,60.55,60.78,60.15,60.47,22935355,MSFT
11/9/2016,60,60.59,59.2,60.17,49632479,MSFT
11/10/2016,60.48,60.49,57.6302,58.7,57822394,MSFT
11/11/2016,58.23,59.116,58.01,59.02,38767843,MSFT
11/14/2016,59.02,59.08,57.28,58.12,41328422,MSFT
11/15/2016,58.33,59.49,58.315,58.87,35904126,MSFT
11/16/2016,58.94,59.66,58.81,59.65,27332475,MSFT
11/17/2016,60.41,60.95,59.965,60.64,32132728,MSFT
11/18/2016,60.78,61.14,60.3,60.35,27686311,MSFT
11/21/2016,60.5,60.97,60.42,60.86,19652595,MSFT
11/22/2016,60.98,61.26,60.805,61.12,23206700,MSFT
11/23/2016,61.01,61.1,60.25,60.4,21848913,MSFT
11/25/2016,60.3,60.53,60.13,60.53,8409616,MSFT
11/28/2016,60.34,61.02,60.21,60.61,20732619,MSFT
11/29/2016,60.65,61.41,60.52,61.09,22366721,MSFT
11/30/2016,60.86,61.18,60.215,60.26,34655435,MSFT
12/1/2016,60.11,60.15,58.935,59.2,34542121,MSFT
12/2/2016,59.08,59.47,58.8,59.25,25515665,MSFT
12/5/2016,59.7,60.585,59.56,60.22,23552658,MSFT
12/6/2016,60.43,60.46,59.8,59.95,19907035,MSFT
12/7/2016,60.01,61.38,59.8,61.37,30808969,MSFT
12/8/2016,61.3,61.58,60.84,61.01,21220753,MSFT
12/9/2016,61.18,61.99,61.125,61.97,27349356,MSFT
12/12/2016,61.82,62.3,61.72,62.17,20198081,MSFT
12/13/2016,62.5,63.42,62.24,62.98,35718868,MSFT
12/14/2016,63,63.45,62.53,62.68,30352654,MSFT
12/15/2016,62.7,63.1535,62.3,62.58,27669868,MSFT
12/16/2016,62.95,62.95,62.115,62.3,42453083,MSFT
12/19/2016,62.56,63.77,62.42,63.62,34338219,MSFT
12/20/2016,63.69,63.8,63.025,63.54,26028379,MSFT
12/21/2016,63.43,63.7,63.12,63.54,17096304,MSFT
12/22/2016,63.84,64.1,63.405,63.55,22176585,MSFT
12/23/2016,63.45,63.54,62.8,63.24,12403819,MSFT
12/27/2016,63.21,64.07,63.21,63.28,11763173,MSFT
12/28/2016,63.4,63.4,62.83,62.99,14653348,MSFT
12/29/2016,62.86,63.2,62.73,62.9,10250582,MSFT
12/30/2016,62.96,62.99,62.03,62.14,25579908,MSFT
1/3/2017,62.79,62.84,62.125,62.58,20694101,MSFT
1/4/2017,62.48,62.75,62.12,62.3,21339969,MSFT
1/5/2017,62.19,62.66,62.03,62.3,24875968,MSFT
1/6/2017,62.3,63.15,62.04,62.84,19922919,MSFT
1/9/2017,62.76,63.08,62.54,62.64,20382730,MSFT
1/10/2017,62.73,63.07,62.28,62.62,18593004,MSFT
1/11/2017,62.61,63.23,62.43,63.19,21517335,MSFT
1/12/2017,63.06,63.4,61.95,62.61,20968223,MSFT
1/13/2017,62.62,62.865,62.35,62.7,19422310,MSFT
1/17/2017,62.68,62.7,62.03,62.53,20663983,MSFT
1/18/2017,62.67,62.7,62.12,62.5,19670102,MSFT
1/19/2017,62.24,62.98,62.195,62.3,18451655,MSFT
1/20/2017,62.67,62.82,62.37,62.74,30213462,MSFT
1/23/2017,62.7,63.1159,62.57,62.96,23097581,MSFT
1/24/2017,63.2,63.735,62.94,63.52,24672940,MSFT
1/25/2017,63.95,64.1,63.45,63.68,24654933,MSFT
1/26/2017,64.12,64.535,63.55,64.27,43554645,MSFT
1/27/2017,65.39,65.91,64.89,65.78,44817972,MSFT
1/30/2017,65.69,65.79,64.8,65.13,31651445,MSFT
1/31/2017,64.86,65.15,64.26,64.65,25270549,MSFT
2/1/2017,64.355,64.62,63.47,63.58,39671528,MSFT
2/2/2017,63.25,63.41,62.75,63.17,45827013,MSFT
2/3/2017,63.5,63.7,63.07,63.68,30301759,MSFT
2/6/2017,63.5,63.65,63.14,63.64,19796360,MSFT
2/7/2017,63.74,63.78,63.23,63.43,20277226,MSFT
2/8/2017,63.57,63.81,63.22,63.34,18096358,MSFT
2/9/2017,63.52,64.435,63.32,64.06,22644443,MSFT
2/10/2017,64.25,64.3,63.975,64,18170729,MSFT
2/13/2017,64.24,64.86,64.13,64.72,22920101,MSFT
2/14/2017,64.41,64.72,64.02,64.57,23108426,MSFT
2/15/2017,64.5,64.57,64.155,64.53,17005157,MSFT
2/16/2017,64.74,65.24,64.44,64.52,20546345,MSFT
2/17/2017,64.47,64.69,64.3,64.62,21248818,MSFT
2/21/2017,64.61,64.95,64.45,64.49,20655869,MSFT
2/22/2017,64.33,64.39,64.05,64.36,19292651,MSFT
2/23/2017,64.42,64.7285,64.195,64.62,20273128,MSFT
2/24/2017,64.53,64.8,64.135,64.62,21796800,MSFT
2/27/2017,64.54,64.54,64.045,64.23,15871507,MSFT
2/28/2017,64.08,64.2,63.76,63.98,23239825,MSFT
3/1/2017,64.13,64.99,64.0218,64.94,26937459,MSFT
3/2/2017,64.69,64.75,63.88,64.01,24539597,MSFT
3/3/2017,63.99,64.28,63.62,64.25,18139405,MSFT
3/6/2017,63.97,64.56,63.81,64.27,18750255,MSFT
3/7/2017,64.19,64.775,64.19,64.4,18520987,MSFT
3/8/2017,64.26,65.085,64.25,64.99,21510907,MSFT
3/9/2017,65.19,65.2,64.48,64.73,19846832,MSFT
3/10/2017,65.11,65.26,64.75,64.93,19538245,MSFT
3/13/2017,65.01,65.195,64.57,64.71,20100035,MSFT
3/14/2017,64.53,64.55,64.15,64.41,14280202,MSFT
3/15/2017,64.55,64.92,64.25,64.75,24833810,MSFT
3/16/2017,64.75,64.76,64.3,64.64,20674296,MSFT
3/17/2017,64.91,65.24,64.68,64.87,49219686,MSFT
3/20/2017,64.91,65.175,64.72,64.93,14598083,MSFT
3/21/2017,65.19,65.5,64.13,64.21,26640480,MSFT
3/22/2017,64.12,65.14,64.12,65.03,20680015,MSFT
3/23/2017,64.94,65.235,64.765,64.87,19269203,MSFT
3/24/2017,65.36,65.45,64.76,64.98,22617105,MSFT
3/27/2017,64.63,65.22,64.35,65.1,18614662,MSFT
3/28/2017,64.96,65.47,64.65,65.29,20080358,MSFT
3/29/2017,65.12,65.5,64.9475,65.47,13618424,MSFT
3/30/2017,65.42,65.98,65.36,65.71,15122823,MSFT
3/31/2017,65.65,66.19,65.45,65.86,21040331,MSFT
4/3/2017,65.81,65.94,65.19,65.55,20400871,MSFT
4/4/2017,65.39,65.81,65.28,65.73,12997449,MSFT
4/5/2017,66.3,66.35,65.4443,65.56,21448594,MSFT
4/6/2017,65.6,66.055,65.48,65.73,18103453,MSFT
4/7/2017,65.85,65.96,65.44,65.68,14089274,MSFT
4/10/2017,65.61,65.82,65.36,65.53,17952742,MSFT
4/11/2017,65.6,65.61,64.85,65.48,18791533,MSFT
4/12/2017,65.42,65.51,65.11,65.23,17108513,MSFT
4/13/2017,65.29,65.86,64.95,64.95,17896483,MSFT
4/17/2017,65.04,65.49,65.01,65.48,16689265,MSFT
4/18/2017,65.33,65.71,65.16,65.39,15155611,MSFT
4/19/2017,65.65,65.75,64.89,65.04,26992771,MSFT
4/20/2017,65.46,65.75,65.14,65.5,22299477,MSFT
4/21/2017,65.67,66.7,65.45,66.4,32522645,MSFT
4/24/2017,67.48,67.66,67.1,67.53,29769976,MSFT
4/25/2017,67.9,68.04,67.6,67.92,30242730,MSFT
4/26/2017,68.08,68.31,67.62,67.83,26190770,MSFT
4/27/2017,68.15,68.38,67.58,68.27,34970953,MSFT
4/28/2017,68.91,69.14,67.69,68.46,39548818,MSFT
5/1/2017,68.68,69.55,68.5,69.41,31954362,MSFT
5/2/2017,69.71,69.71,69.13,69.3,23906119,MSFT
5/3/2017,69.38,69.38,68.71,69.08,28927973,MSFT
5/4/2017,69.03,69.08,68.64,68.81,21749409,MSFT
5/5/2017,68.9,69.03,68.485,69,19128782,MSFT
5/8/2017,68.97,69.05,68.42,68.94,18566087,MSFT
5/9/2017,68.86,69.28,68.68,69.04,22858414,MSFT
5/10/2017,68.99,69.56,68.92,69.31,17977830,MSFT
5/11/2017,68.36,68.73,68.12,68.46,28789413,MSFT
5/12/2017,68.61,68.61,68.04,68.38,18714123,MSFT
5/15/2017,68.14,68.48,67.57,68.43,31530301,MSFT
5/16/2017,68.23,69.44,68.16,69.41,34956038,MSFT
5/17/2017,68.89,69.1,67.43,67.48,30548781,MSFT
5/18/2017,67.4,68.13,67.14,67.71,25201274,MSFT
5/19/2017,67.5,68.095,67.43,67.69,26961119,MSFT
5/22/2017,67.89,68.5,67.5,68.45,16237550,MSFT
5/23/2017,68.72,68.75,68.38,68.68,15425824,MSFT
5/24/2017,68.87,68.88,68.45,68.77,14666865,MSFT
5/25/2017,68.97,69.88,68.91,69.62,21854095,MSFT
5/26/2017,69.8,70.22,69.52,69.96,19827923,MSFT
5/30/2017,69.79,70.41,69.77,70.41,17072838,MSFT
5/31/2017,70.53,70.74,69.81,69.84,30436364,MSFT
6/1/2017,70.24,70.61,69.451,70.1,21603601,MSFT
6/2/2017,70.44,71.86,70.24,71.76,34770261,MSFT
6/5/2017,71.97,72.89,71.81,72.28,33316760,MSFT
6/6/2017,72.3,72.62,72.27,72.52,31511065,MSFT
6/7/2017,72.635,72.77,71.95,72.39,22301765,MSFT
6/8/2017,72.51,72.52,71.5,71.95,24588270,MSFT
6/9/2017,72.035,72.08,68.59,70.32,49187396,MSFT
6/12/2017,69.25,69.94,68.13,69.78,47761743,MSFT
6/13/2017,70.02,70.82,69.96,70.65,25258614,MSFT
6/14/2017,70.91,71.1,69.43,70.27,25510685,MSFT
6/15/2017,69.27,70.21,68.8,69.9,26068709,MSFT
6/16/2017,69.73,70.0252,69.22,70,48345085,MSFT
6/19/2017,70.5,70.945,70.35,70.87,23798268,MSFT
6/20/2017,70.82,70.87,69.87,69.91,21512231,MSFT
6/21/2017,70.21,70.62,69.94,70.27,19891051,MSFT
6/22/2017,70.54,70.59,69.71,70.26,22965738,MSFT
6/23/2017,70.09,71.25,69.92,71.21,27617291,MSFT
6/26/2017,71.4,71.71,70.445,70.53,19606974,MSFT
6/27/2017,70.11,70.18,69.18,69.21,25215128,MSFT
6/28/2017,69.21,69.841,68.79,69.8,25806200,MSFT
6/29/2017,69.38,69.49,68.09,68.49,28918715,MSFT
6/30/2017,68.78,69.38,68.74,68.93,24161068,MSFT
7/3/2017,69.33,69.6,68.02,68.17,16165538,MSFT
7/5/2017,68.255,69.44,68.22,69.08,21176272,MSFT
7/6/2017,68.27,68.78,68.12,68.57,21117572,MSFT
7/7/2017,68.7,69.84,68.7,69.46,16878317,MSFT
7/10/2017,69.46,70.25,69.2,69.98,15014503,MSFT
7/11/2017,70,70.68,69.75,69.99,17460022,MSFT
7/12/2017,70.69,71.28,70.55,71.15,17750925,MSFT
7/13/2017,71.5,72.0399,71.31,71.77,20269816,MSFT
7/14/2017,72.24,73.27,71.96,72.78,25868086,MSFT
7/17/2017,72.8,73.45,72.72,73.35,21803907,MSFT
7/18/2017,73.09,73.39,72.66,73.3,26435296,MSFT
7/19/2017,73.5,74.04,73.45,73.86,22416222,MSFT
7/20/2017,74.18,74.3,73.28,74.22,42361025,MSFT
7/21/2017,73.45,74.29,73.17,73.79,46717082,MSFT
7/24/2017,73.53,73.75,73.13,73.6,21394826,MSFT
7/25/2017,73.8,74.31,73.5,74.19,22018681,MSFT
7/26/2017,74.34,74.38,73.81,74.05,16252233,MSFT
7/27/2017,73.76,74.42,72.32,73.16,36844220,MSFT
7/28/2017,72.67,73.31,72.54,73.04,18306680,MSFT
7/31/2017,73.3,73.44,72.41,72.7,23600054,MSFT
8/1/2017,73.1,73.42,72.49,72.58,20823890,MSFT
8/2/2017,72.55,72.56,71.445,72.26,26499158,MSFT
8/3/2017,72.19,72.44,71.845,72.15,18214424,MSFT
8/4/2017,72.4,73.04,72.24,72.68,22578952,MSFT
8/7/2017,72.8,72.9,72.26,72.4,18705681,MSFT
8/8/2017,72.09,73.13,71.75,72.79,22044587,MSFT
8/9/2017,72.25,72.51,72.05,72.47,22213410,MSFT
8/10/2017,71.9,72.19,71.35,71.41,24734461,MSFT
8/11/2017,71.61,72.7,71.28,72.5,21443675,MSFT
8/14/2017,73.06,73.72,72.95,73.59,20096592,MSFT
8/15/2017,73.59,73.59,73.04,73.22,19181402,MSFT
8/16/2017,73.34,74.1,73.17,73.65,18150402,MSFT
8/17/2017,73.58,73.87,72.4,72.4,22977519,MSFT
8/18/2017,72.27,72.84,71.93,72.49,18761491,MSFT
8/21/2017,72.47,72.48,71.7,72.15,17734767,MSFT
8/22/2017,72.35,73.24,72.35,73.16,14343674,MSFT
8/23/2017,72.96,73.15,72.53,72.72,13766507,MSFT
8/24/2017,72.74,72.86,72.07,72.69,17098282,MSFT
8/25/2017,72.86,73.35,72.48,72.82,12794301,MSFT
8/28/2017,73.06,73.09,72.55,72.83,14569715,MSFT
8/29/2017,72.25,73.16,72.05,73.05,11478382,MSFT
8/30/2017,73.01,74.2099,72.8293,74.01,16897801,MSFT
8/31/2017,74.03,74.96,73.8,74.77,27652811,MSFT
9/1/2017,74.71,74.74,73.64,73.94,21736161,MSFT
9/5/2017,73.34,73.89,72.98,73.61,22242384,MSFT
9/6/2017,73.74,74.04,73.35,73.4,16535785,MSFT
9/7/2017,73.68,74.6,73.6,74.34,17471200,MSFT
9/8/2017,74.33,74.44,73.84,73.98,14703816,MSFT
9/11/2017,74.31,74.945,74.31,74.76,17910383,MSFT
9/12/2017,74.76,75.24,74.37,74.68,14394850,MSFT
9/13/2017,74.93,75.23,74.55,75.21,13380802,MSFT
9/14/2017,75,75.49,74.52,74.77,15733914,MSFT
9/15/2017,74.83,75.39,74.07,75.31,38578441,MSFT
9/18/2017,75.23,75.97,75.04,75.16,23306959,MSFT
9/19/2017,75.21,75.71,75.01,75.44,16093344,MSFT
9/20/2017,75.35,75.55,74.31,74.94,21587878,MSFT
9/21/2017,75.11,75.24,74.11,74.21,19186140,MSFT
9/22/2017,73.99,74.51,73.85,74.41,14111365,MSFT
9/25/2017,74.09,74.25,72.92,73.26,24149163,MSFT
9/26/2017,73.67,73.81,72.99,73.26,18019577,MSFT
9/27/2017,73.55,74.17,73.17,73.85,19565135,MSFT
9/28/2017,73.54,73.97,73.31,73.87,10883787,MSFT
9/29/2017,73.94,74.535,73.88,74.49,17079114,MSFT
10/2/2017,74.71,75.01,74.295,74.61,15304762,MSFT
10/3/2017,74.67,74.88,74.195,74.26,12190403,MSFT
10/4/2017,74,74.72,73.71,74.69,13317681,MSFT
10/5/2017,75.22,76.12,74.96,75.97,21195261,MSFT
10/6/2017,75.67,76.03,75.54,76,13959814,MSFT
10/9/2017,75.97,76.55,75.86,76.29,11386502,MSFT
10/10/2017,76.33,76.63,76.14,76.29,13944545,MSFT
10/11/2017,76.36,76.46,75.95,76.42,15388898,MSFT
10/12/2017,76.49,77.29,76.37,77.12,16876538,MSFT
10/13/2017,77.59,77.87,77.29,77.49,15335742,MSFT
10/16/2017,77.42,77.81,77.35,77.65,12380093,MSFT
10/17/2017,77.47,77.62,77.25,77.59,16823989,MSFT
10/18/2017,77.67,77.85,77.37,77.61,13300701,MSFT
10/19/2017,77.57,77.93,77.35,77.91,15092758,MSFT
10/20/2017,78.32,78.97,78.22,78.81,22866426,MSFT
10/23/2017,78.99,79.34,78.76,78.83,20627173,MSFT
10/24/2017,78.9,79.2,78.46,78.86,17517182,MSFT
10/25/2017,78.58,79.1,78.01,78.63,20410808,MSFT
10/26/2017,79.2,79.42,78.75,78.76,32120717,MSFT
10/27/2017,84.37,86.2,83.61,83.81,71066729,MSFT
10/30/2017,83.7,84.325,83.105,83.89,31756653,MSFT
10/31/2017,84.36,84.36,83.11,83.18,27086575,MSFT
11/1/2017,83.68,83.76,82.88,83.18,22307371,MSFT
11/2/2017,83.35,84.46,83.12,84.05,23992945,MSFT
11/3/2017,84.08,84.54,83.4,84.14,17633543,MSFT
11/6/2017,84.2,84.7,84.0825,84.47,19860852,MSFT
11/7/2017,84.77,84.9,83.93,84.27,17939727,MSFT
11/8/2017,84.14,84.61,83.83,84.56,18034170,MSFT
11/9/2017,84.11,84.27,82.9,84.09,21171550,MSFT
11/10/2017,83.79,84.095,83.23,83.87,19397793,MSFT
11/13/2017,83.66,83.94,83.46,83.93,14196896,MSFT
11/14/2017,83.5,84.1,82.98,84.05,18801280,MSFT
11/15/2017,83.47,83.69,82.69,82.98,19383102,MSFT
11/16/2017,83.1,83.42,82.94,83.2,20962750,MSFT
11/17/2017,83.12,83.12,82.24,82.4,22078993,MSFT
11/20/2017,82.4,82.59,82.25,82.53,16314978,MSFT
11/21/2017,82.74,83.84,82.74,83.72,21237454,MSFT
11/22/2017,83.83,83.9,83.04,83.11,20553089,MSFT
11/24/2017,83.01,83.43,82.78,83.26,7425603,MSFT
11/27/2017,83.31,83.98,83.3,83.87,18265242,MSFT
11/28/2017,84.07,85.06,84.02,84.88,21925959,MSFT
11/29/2017,84.71,84.9172,83.175,83.34,27381109,MSFT
11/30/2017,83.51,84.52,83.34,84.17,33054647,MSFT
12/1/2017,83.6,84.81,83.22,84.26,29532132,MSFT
12/4/2017,84.42,84.4299,80.7,81.08,39094880,MSFT
12/5/2017,81.34,82.68,80.9801,81.59,26152261,MSFT
12/6/2017,81.55,83.14,81.43,82.78,26162054,MSFT
12/7/2017,82.54,82.8,82,82.49,23184547,MSFT
12/8/2017,83.63,84.58,83.33,84.16,24489106,MSFT
12/11/2017,84.29,85.37,84.12,85.23,22857854,MSFT
12/12/2017,85.31,86.05,85.08,85.58,23924105,MSFT
12/13/2017,85.74,86,85.17,85.35,22062679,MSFT
12/14/2017,85.43,85.8739,84.53,84.69,19305961,MSFT
12/15/2017,85.26,87.09,84.88,86.85,53936687,MSFT
12/18/2017,87.12,87.4999,86.23,86.38,22283752,MSFT
12/19/2017,86.35,86.35,85.27,85.83,23524787,MSFT
12/20/2017,86.2,86.3,84.71,85.52,23674931,MSFT
12/21/2017,86.05,86.1,85.4,85.5,17990745,MSFT
12/22/2017,85.4,85.63,84.92,85.51,14145841,MSFT
12/26/2017,85.31,85.5346,85.03,85.4,9891237,MSFT
12/27/2017,85.65,85.98,85.215,85.71,14678025,MSFT
12/28/2017,85.9,85.93,85.55,85.72,10594344,MSFT
12/29/2017,85.63,86.05,85.5,85.54,18717406,MSFT
1/2/2018,86.125,86.31,85.5,85.95,22483797,MSFT
1/3/2018,86.055,86.51,85.97,86.35,26061439,MSFT
1/4/2018,86.59,87.66,86.57,87.11,21911974,MSFT
1/5/2018,87.66,88.41,87.43,88.19,23407110,MSFT
1/8/2018,88.2,88.58,87.6046,88.28,22113049,MSFT
1/9/2018,88.65,88.7272,87.86,88.22,19484317,MSFT
1/10/2018,87.86,88.19,87.41,87.82,18652201,MSFT
1/11/2018,88.13,88.13,87.24,88.08,17808877,MSFT
1/12/2018,88.67,89.78,88.45,89.6,24271531,MSFT
1/16/2018,90.1,90.79,88.0104,88.35,36599736,MSFT
1/17/2018,89.08,90.28,88.75,90.14,25621164,MSFT
1/18/2018,89.8,90.67,89.66,90.1,24159683,MSFT
1/19/2018,90.14,90.61,89.66,90,36875013,MSFT
1/22/2018,90,91.62,89.74,91.61,23601555,MSFT
1/23/2018,91.9,92.3,91.54,91.9,23412841,MSFT
1/24/2018,92.55,93.43,91.58,91.82,33277483,MSFT
1/25/2018,92.465,93.24,91.93,92.33,26383238,MSFT
1/26/2018,93.12,94.06,92.58,94.06,29172167,MSFT
1/29/2018,95.14,95.45,93.72,93.92,31569940,MSFT
1/30/2018,93.3,93.66,92.1,92.74,38635053,MSFT
1/31/2018,93.75,95.4,93.51,95.01,48756338,MSFT
2/1/2018,94.79,96.07,93.5813,94.26,47227882,MSFT
2/2/2018,93.64,93.97,91.5,91.78,47867753,MSFT
2/5/2018,90.56,93.24,88,88,51031465,MSFT
2/6/2018,86.89,91.475,85.25,91.33,67998564,MSFT
2/7/2018,90.49,91.77,89.2,89.61,41107592,MSFT
